{
  "player_level": 19,
  "player_xp": 466.30659856605695,
  "player_xp_next": 1020.8471007628159,
  "player_level_cycle_idx": 18,
  "player_attack_stat": 17,
  "player_defense_stat": 19,
  "player_dex_stat": 22,
  "player_sta_stat": 15,
  "player_int_stat": 15,
  "player_hp_max": 190.0,
  "player_hp": 190.0,
  "sword_damage_multiplier": 3.3110000000000004,
  "monster_wave_index": 3,
  "boss_active": false,
  "boss_return_pos": [
    267.89630126953125,
    109.26643371582031,
    0.13903123140335083
  ]
}