{
  "player_level": 18,
  "player_xp": 52.38397904161499,
  "player_xp_next": 797.5367974709499,
  "player_level_cycle_idx": 17,
  "player_attack_stat": 14,
  "player_defense_stat": 16,
  "player_dex_stat": 15,
  "player_sta_stat": 11,
  "player_int_stat": 12,
  "player_hp_max": 166.0,
  "player_hp": 165.9953006602217,
  "sword_damage_multiplier": 2.753,
  "monster_wave_index": 9,
  "boss_active": false,
  "boss_return_pos": [
    412.6387023925781,
    145.6400146484375,
    0.8285670280456543
  ]
}